module,id
1_Immune,TCL1A
1_Immune,BLK
1_Immune,CD37
1_Immune,CD79B
1_Immune,BANK1
1_Immune,MS4A1
1_Immune,NIBAN3
1_Immune,CD52
1_Immune,FCMR
1_Immune,FCRL2
1_Immune,FCER2
1_Immune,FCRL1
1_Immune,HVCN1
1_Immune,RASGRP2
1_Immune,PAX5
1_Immune,CD22
1_Immune,TNFRSF13C
1_Immune,P2RX5
1_Immune,CLEC17A
1_Immune,STAP1
1_Immune,SELL
1_Immune,SEL1L3
1_Immune,PRKCB
1_Immune,CD19
1_Immune,CD48
1_Immune,CXCR4
1_Immune,TLR10
1_Immune,IGHM
1_Immune,LTB
1_Immune,STK17B
2_Module_2,APOC3
2_Module_2,ALB
2_Module_2,FGG
2_Module_2,FGB
2_Module_2,APOA2
2_Module_2,VTN
2_Module_2,HP
2_Module_2,APOA1
2_Module_2,TF
2_Module_2,AHSG
2_Module_2,ALDOB
2_Module_2,AMBP
2_Module_2,ITIH2
2_Module_2,APOB
2_Module_2,FABP1
2_Module_2,TTR
2_Module_2,APOH
2_Module_2,SERPINA1
2_Module_2,FGA
2_Module_2,ORM1
2_Module_2,HRG
2_Module_2,RBP4
2_Module_2,C8A
2_Module_2,ADH4
2_Module_2,F2
2_Module_2,PLG
2_Module_2,GC
2_Module_2,ITIH3
2_Module_2,PAH
2_Module_2,APOC2
3_Immune,IKZF1
3_Immune,TRBC2
3_Immune,TRBC1
3_Immune,TRAC
3_Immune,CORO1A
3_Immune,TBC1D10C
3_Immune,TRAF3IP3
3_Immune,CYTIP
3_Immune,IL2RG
3_Immune,TMC8
3_Immune,ARHGAP15
3_Immune,CD3E
3_Immune,CD2
3_Immune,LIMD2
3_Immune,IRF8
3_Immune,HCLS1
3_Immune,ETS1
3_Immune,GIMAP7
3_Immune,IL7R
3_Immune,CD3D
3_Immune,LCP1
3_Immune,RAC2
3_Immune,SEPTIN1
3_Immune,CD53
3_Immune,CCR7
3_Immune,RIPOR2
3_Immune,GIMAP4
3_Immune,GPSM3
3_Immune,FYB1
3_Immune,WIPF1
4_Module_4,C20orf85
4_Module_4,CDC20B
4_Module_4,KLK13
4_Module_4,GRIA2
4_Module_4,CDHR3
4_Module_4,TPPP3
4_Module_4,KLK11
4_Module_4,RALYL
4_Module_4,CFAP45
4_Module_4,KLK14
4_Module_4,CLCA2
4_Module_4,KLK12
4_Module_4,ROPN1L
4_Module_4,CFAP47
4_Module_4,FOXN4
4_Module_4,MUC1
4_Module_4,ZNF385B
4_Module_4,MSMB
4_Module_4,MUCL1
4_Module_4,VSTM2L
4_Module_4,CROCC2
4_Module_4,VWA5A
4_Module_4,SRPK3
4_Module_4,C1orf189
4_Module_4,LRRC46
4_Module_4,C1orf194
4_Module_4,SYT5
4_Module_4,FAM183A
4_Module_4,FOXJ1
4_Module_4,EFCAB10
5_Luminal,WFDC2
5_Luminal,WWP1
5_Luminal,KCNC2
5_Luminal,CPB1
5_Luminal,SLC16A6
5_Luminal,CHPT1
5_Luminal,LPCAT1
5_Luminal,UGCG
5_Luminal,LRP1B
5_Luminal,CPEB4
5_Luminal,ANKRD30A
5_Luminal,SLC6A4
5_Luminal,IGSF21
5_Luminal,C15orf48
5_Luminal,BEX3
5_Luminal,RNF19A
5_Luminal,TAT
5_Luminal,TMEM26
5_Luminal,GRB14
5_Luminal,HACD4
5_Luminal,GP2
5_Luminal,CRABP2
5_Luminal,CRIP1
5_Luminal,BEX4
5_Luminal,CAMK2N1
5_Luminal,HIGD1A
5_Luminal,PHGR1
5_Luminal,COX6C
5_Luminal,SGK3
5_Luminal,CLSTN2
6_Module_6,CTSS
6_Module_6,CD74
6_Module_6,CYBB
6_Module_6,C1QA
6_Module_6,C1QC
6_Module_6,SPI1
6_Module_6,ADA2
6_Module_6,C1QB
6_Module_6,LYZ
6_Module_6,IL32
6_Module_6,CTSC
6_Module_6,IL10RA
6_Module_6,ITGB2
6_Module_6,B2M
6_Module_6,RASSF4
6_Module_6,CCL5
6_Module_6,GBP5
6_Module_6,APOE
6_Module_6,LCP2
6_Module_6,MS4A6A
6_Module_6,SRGN
6_Module_6,ITGAX
6_Module_6,PLEKHO1
6_Module_6,SAMHD1
6_Module_6,LAPTM5
6_Module_6,PLEK
6_Module_6,AIF1
6_Module_6,CD14
6_Module_6,LGMN
6_Module_6,AKR1B1
7_Module_7,BRINP3
7_Module_7,SCGN
7_Module_7,SNAP25
7_Module_7,PCSK2
7_Module_7,RUNDC3A
7_Module_7,KCNE4
7_Module_7,BEX1
7_Module_7,CPLX2
7_Module_7,DDHD2
7_Module_7,FGFR1
7_Module_7,KCNC1
7_Module_7,NPY1R
7_Module_7,PCSK1
7_Module_7,PVALB
7_Module_7,PHF21B
7_Module_7,SYT1
7_Module_7,GPLD1
7_Module_7,NXPH1
7_Module_7,SEZ6L
7_Module_7,SCRT1
7_Module_7,WNK4
7_Module_7,PNMT
7_Module_7,ABHD12B
7_Module_7,TFAP2A
7_Module_7,USP35
7_Module_7,AP3B2
7_Module_7,APLP1
7_Module_7,CACNA1H
7_Module_7,AFF3
7_Module_7,GABRB3
8_Invasion_Stromal,SFRP2
8_Invasion_Stromal,COL6A1
8_Invasion_Stromal,COL6A2
8_Invasion_Stromal,CTHRC1
8_Invasion_Stromal,ASPN
8_Invasion_Stromal,MFAP5
8_Invasion_Stromal,MMP11
8_Invasion_Stromal,HTRA3
8_Invasion_Stromal,FBLN1
8_Invasion_Stromal,LRRC15
8_Invasion_Stromal,VCAN
8_Invasion_Stromal,CILP
8_Invasion_Stromal,THY1
8_Invasion_Stromal,SFRP4
8_Invasion_Stromal,OLFML2B
8_Invasion_Stromal,COL11A1
8_Invasion_Stromal,SERPINF1
8_Invasion_Stromal,NNMT
8_Invasion_Stromal,MMP3
8_Invasion_Stromal,DIO2
8_Invasion_Stromal,WNT2
8_Invasion_Stromal,NRG1
8_Invasion_Stromal,GREM1
8_Invasion_Stromal,IFITM3
9_Module_9,ADAMTSL2
9_Module_9,ITGA9
9_Module_9,NR1H4
9_Module_9,MASP1
9_Module_9,C7
9_Module_9,FBLN5
9_Module_9,CXCL12
9_Module_9,ALDH1A1
9_Module_9,IGFBP3
9_Module_9,INMT
9_Module_9,HAND2
9_Module_9,CCBE1
9_Module_9,AGTR1
9_Module_9,EDNRB
9_Module_9,COLEC10
9_Module_9,CCDC3
9_Module_9,ADAMTS13
9_Module_9,RELN
9_Module_9,IGFBP7
9_Module_9,IGHA1
9_Module_9,HSPB6
9_Module_9,SELENOP
9_Module_9,TNXB
9_Module_9,HGF
9_Module_9,CFH
9_Module_9,DNASE1L3
9_Module_9,TSLP
9_Module_9,PTGDS
9_Module_9,TMEM200C
9_Module_9,DBH
10_Module_10,A2M
10_Module_10,AQP1
10_Module_10,COL4A2
10_Module_10,CAV1
10_Module_10,VIM
10_Module_10,COL4A1
10_Module_10,SPARCL1
10_Module_10,COL18A1
10_Module_10,ADGRL4
10_Module_10,COL15A1
10_Module_10,CD93
10_Module_10,ENG
10_Module_10,C11orf96
10_Module_10,CALCRL
10_Module_10,CLDN5
10_Module_10,EGFL7
10_Module_10,CDH5
10_Module_10,LAMB1
10_Module_10,ADAMTS9
10_Module_10,NID1
10_Module_10,PLVAP
10_Module_10,MCAM
10_Module_10,CD34
10_Module_10,FOS
10_Module_10,TGFB3
10_Module_10,NID2
10_Module_10,CLEC14A
10_Module_10,DEPP1
10_Module_10,PLXDC1
10_Module_10,PGF
11_Stromal,NBL1
11_Stromal,LOXL2
11_Stromal,SPOCK1
11_Stromal,ITGA11
11_Stromal,FN1
11_Stromal,EDIL3
11_Stromal,COL10A1
11_Stromal,ITGAV
11_Stromal,ANKH
11_Stromal,ACTA2
11_Stromal,ITGA5
11_Stromal,COL8A1
11_Stromal,COMP
11_Stromal,GJB2
11_Stromal,TPM2
11_Stromal,TNC
11_Stromal,ITGBL1
11_Stromal,SPHK1
11_Stromal,KLK4
11_Stromal,RFLNB
11_Stromal,DACT1
11_Stromal,PLAU
11_Stromal,CEMIP
11_Stromal,TAX1BP3
11_Stromal,MS4A7
11_Stromal,COL5A3
11_Stromal,ANXA2
11_Stromal,SERPINE1
11_Stromal,THBS4
11_Stromal,SRPX
12_Proliferation_Cell-cycle,SCGB2A2
12_Proliferation_Cell-cycle,MIPOL1
12_Proliferation_Cell-cycle,PRAME
12_Proliferation_Cell-cycle,CITED4
12_Proliferation_Cell-cycle,LRP5
12_Proliferation_Cell-cycle,TMEM135
12_Proliferation_Cell-cycle,PPARG
12_Proliferation_Cell-cycle,SNCG
12_Proliferation_Cell-cycle,PPP6R3
12_Proliferation_Cell-cycle,TFAP2B
12_Proliferation_Cell-cycle,TSKU
12_Proliferation_Cell-cycle,TASOR2
12_Proliferation_Cell-cycle,NINL
12_Proliferation_Cell-cycle,CEACAM6
12_Proliferation_Cell-cycle,SLC25A39
12_Proliferation_Cell-cycle,NME2
12_Proliferation_Cell-cycle,CHKA
12_Proliferation_Cell-cycle,XRN2
12_Proliferation_Cell-cycle,KIF18A
12_Proliferation_Cell-cycle,SLITRK6
12_Proliferation_Cell-cycle,ASRGL1
12_Proliferation_Cell-cycle,IGFBP5
12_Proliferation_Cell-cycle,RMND1
12_Proliferation_Cell-cycle,RCAN1
12_Proliferation_Cell-cycle,CASC3
12_Proliferation_Cell-cycle,C19orf33
12_Proliferation_Cell-cycle,KMT5B
12_Proliferation_Cell-cycle,HMGCS2
12_Proliferation_Cell-cycle,TUBB2B
12_Proliferation_Cell-cycle,IMPA2
13_Luminal,VDAC3
13_Luminal,SMIM19
13_Luminal,H2AFJ
13_Luminal,CCT2
13_Luminal,LTO1
13_Luminal,VDAC2
13_Luminal,DHCR7
13_Luminal,IFI27
13_Luminal,P4HB
13_Luminal,SLC38A1
13_Luminal,FADS2
13_Luminal,SLC39A6
13_Luminal,BST2
13_Luminal,NDUFS8
13_Luminal,MIPEP
13_Luminal,UBXN1
13_Luminal,ELP2
13_Luminal,RAB3IP
13_Luminal,SBSPON
13_Luminal,NUP58
13_Luminal,EPCAM
13_Luminal,LY6E
13_Luminal,CYC1
13_Luminal,SLC1A5
13_Luminal,EHF
13_Luminal,SYAP1
13_Luminal,NRIP1
13_Luminal,FOXA1
13_Luminal,ANAPC11
13_Luminal,FAM83H
14_Luminal,FUT8
14_Luminal,USP22
14_Luminal,VEGFC
14_Luminal,HECTD1
14_Luminal,SCFD1
14_Luminal,UBE2Z
14_Luminal,SPCS3
14_Luminal,SPECC1
14_Luminal,ARHGAP40
14_Luminal,S100A16
14_Luminal,EFS
14_Luminal,ZNF652
14_Luminal,SLC12A2
14_Luminal,GNPNAT1
14_Luminal,S100A14
14_Luminal,RNF43
14_Luminal,ALDH3B2
14_Luminal,STRN3
14_Luminal,KRT7
14_Luminal,TMEM11
14_Luminal,PRKACB
14_Luminal,KRT8
14_Luminal,ASPH
14_Luminal,FRMD4A
14_Luminal,LDLRAD3
14_Luminal,MUC6
14_Luminal,ERO1A
14_Luminal,DHRS2
14_Luminal,TUBA1B
14_Luminal,CSDE1
15_Module_15,ADGRE5
15_Module_15,CFLAR
15_Module_15,ARHGEF1
15_Module_15,DOCK8
15_Module_15,GIMAP6
15_Module_15,DOCK11
15_Module_15,DOCK10
15_Module_15,APOBEC3G
15_Module_15,ST8SIA4
15_Module_15,SELPLG
15_Module_15,AOAH
15_Module_15,VSIR
15_Module_15,CCDC88B
15_Module_15,NABP1
15_Module_15,VCAM1
15_Module_15,LIX1L
15_Module_15,KLRB1
15_Module_15,CXCR3
15_Module_15,ENTPD1
15_Module_15,GLIPR1
15_Module_15,LBH
15_Module_15,TNFAIP2
15_Module_15,LAMP3
